{
  "mr_viewing_correlation": -0.012103690189793194,
  "stage1_mr_to_viewing": {
    "coefficient": -0.012487032888534848,
    "se": 0.014303958187031632,
    "p": 0.3827498292056345,
    "sig": "n.s."
  },
  "stage2_viewing_to_sales": {
    "coefficient": -74.4724693461172,
    "se": 53.80088533250409,
    "p": 0.1663996417548319,
    "sig": "n.s."
  },
  "mediation_effects": {
    "direct_effect": 1.0470783414095324,
    "indirect_effect": 0.9299401740153688,
    "total_effect": 1.9770185154249011,
    "indirect_percentage": 47.03750454332523
  },
  "interpretation": {
    "warning": "MR活動自体も内生的（売上が良い施設にMRが多く訪問）な可能性あり",
    "advantage": "視聴回数のみを使うよりは頑健な推定",
    "recommendation": "MR活動は制御可能な変数として、意思決定に活用可能"
  }
}