{
  "cost_assumptions": {
    "mr_fte_annual": 1000,
    "mr_per_visit": 2,
    "digital_per_view": 0.5
  },
  "baseline": {
    "mr_fte": 100,
    "digital_budget": 5000
  },
  "current_status": {
    "mr_count_per_facility_month": 1.420909090909091,
    "digital_count_per_facility_month": 0.2884848484848485,
    "sales_per_facility_month": 251.59469696969697,
    "mr_cost": 100000.0,
    "digital_cost": 5000.0,
    "total_cost": 105000.0
  },
  "marginal_effects": {
    "mr": {
      "coefficient": 1.9970034582158445,
      "se": 0.5480588550530683,
      "p": 0.00027080695585590675,
      "sig": "***"
    },
    "digital": {
      "coefficient": 9.381534816727015,
      "se": 1.7146664699369658,
      "p": 4.6364743822024934e-08,
      "sig": "***"
    }
  },
  "scenarios": [
    {
      "scenario_id": 0,
      "scenario_name": "現状維持",
      "mr_fte": 100.0,
      "digital_budget": 5000.0,
      "mr_count_per_facility_month": 1.420909090909091,
      "digital_count_per_facility_month": 0.2884848484848485,
      "sales_per_facility_month": 251.59469696969697,
      "sales_change_pct": 0.0,
      "mr_cost": 100000.0,
      "digital_cost": 5000.0,
      "total_cost": 105000.0,
      "cost_change": 0.0,
      "cost_change_pct": 0.0,
      "roi": 5.750735930735931
    },
    {
      "scenario_id": 1,
      "scenario_name": "MR半減+デジタル増額",
      "mr_fte": 50.0,
      "digital_budget": 7621.127912689418,
      "mr_count_per_facility_month": 0.7104545454545454,
      "digital_count_per_facility_month": 0.43971598623517133,
      "sales_per_facility_month": 251.59469696969697,
      "sales_change_pct": 0.0,
      "mr_cost": 50000.0,
      "digital_cost": 7621.127912689418,
      "total_cost": 57621.127912689415,
      "cost_change": -47378.872087310585,
      "cost_change_pct": -45.12273532124817,
      "roi": 10.479268535704886
    },
    {
      "scenario_id": 2,
      "scenario_name": "MR 30%減+デジタル増額",
      "mr_fte": 70.0,
      "digital_budget": 6572.676747613652,
      "mr_count_per_facility_month": 0.9946363636363635,
      "digital_count_per_facility_month": 0.37922353113504226,
      "sales_per_facility_month": 251.59469696969697,
      "sales_change_pct": 0.0,
      "mr_cost": 70000.0,
      "digital_cost": 6572.676747613652,
      "total_cost": 76572.67674761364,
      "cost_change": -28427.323252386355,
      "cost_change_pct": -27.07364119274891,
      "roi": 7.88567539198753
    },
    {
      "scenario_id": 3,
      "scenario_name": "デジタル特化(MR最小)",
      "mr_fte": 20.0,
      "digital_budget": 9193.80466030307,
      "mr_count_per_facility_month": 0.2841818181818181,
      "digital_count_per_facility_month": 0.5304546688853651,
      "sales_per_facility_month": 251.59469696969697,
      "sales_change_pct": 0.0,
      "mr_cost": 20000.0,
      "digital_cost": 9193.80466030307,
      "total_cost": 29193.80466030307,
      "cost_change": -75806.19533969693,
      "cost_change_pct": -72.19637651399708,
      "roi": 20.683404570023047
    },
    {
      "scenario_id": 4,
      "scenario_name": "同コストでデジタル最大化",
      "mr_fte": 20.0,
      "digital_budget": 85000.0,
      "mr_count_per_facility_month": 0.2841818181818181,
      "digital_count_per_facility_month": 4.904242424242424,
      "sales_per_facility_month": 292.62753907755354,
      "sales_change_pct": 16.309104524885402,
      "mr_cost": 20000.0,
      "digital_cost": 85000.0,
      "total_cost": 105000.0,
      "cost_change": 0.0,
      "cost_change_pct": 0.0,
      "roi": 6.688629464629795
    }
  ],
  "cost_efficiency": {
    "mr_cost_per_effect": 1.0015005190761326,
    "digital_cost_per_effect": 0.05329618338233035
  },
  "interpretation": {
    "warning": "MRとデジタルの両方が内生変数であり、結果は相関関係を示す",
    "recommendation": "シミュレーション結果は参考値として扱い、実際の意思決定では追加的な検証が必要"
  }
}