{
  "viewing_pattern_distribution": {
    "単発視聴": 6,
    "定常視聴": 49,
    "未視聴": 34
  },
  "viewing_statistics": {
    "mean": 20.78181818181818,
    "median": 20.0,
    "max": 63,
    "min": 1
  },
  "margin_analysis": {
    "intensive_margin": {
      "coefficient": 5.123284906238396,
      "se": 1.3164639932241715,
      "p": 9.954366522500696e-05,
      "sig": "***"
    },
    "extensive_margin": {
      "coefficient": -7.694551544463074,
      "se": 5.620344189264703,
      "p": 0.17098257096363145,
      "sig": "n.s."
    },
    "recommendation": "深さ重視"
  },
  "pattern_means": {
    "all_period": {
      "単発視聴": 236.93434343434342,
      "定常視聴": 203.25726654298083,
      "未視聴": 199.43048128342247
    },
    "post_washout": {
      "単発視聴": 240.5752688172043,
      "定常視聴": 207.29888084265966,
      "未視聴": 201.50284629981024
    }
  },
  "margin_time_series": {
    "intensive": {
      "0": 0.0,
      "1": 0.0,
      "2": 0.0,
      "3": 0.03636363636363636,
      "4": 0.2,
      "5": 0.2,
      "6": 0.36363636363636365,
      "7": 0.2909090909090909,
      "8": 0.36363636363636365,
      "9": 0.4909090909090909,
      "10": 0.4,
      "11": 0.4727272727272727,
      "12": 0.5636363636363636,
      "13": 0.7090909090909091,
      "14": 1.0545454545454545,
      "15": 0.7636363636363637,
      "16": 0.8363636363636363,
      "17": 0.8909090909090909,
      "18": 1.1090909090909091,
      "19": 1.1454545454545455,
      "20": 0.8909090909090909,
      "21": 0.8909090909090909,
      "22": 0.7818181818181819,
      "23": 0.8363636363636363,
      "24": 1.0363636363636364,
      "25": 0.8727272727272727,
      "26": 0.9272727272727272,
      "27": 0.6,
      "28": 0.5818181818181818,
      "29": 0.5454545454545454,
      "30": 0.6,
      "31": 0.6363636363636364,
      "32": 0.5818181818181818
    },
    "extensive": {
      "0": 0.0,
      "1": 0.0,
      "2": 0.05454545454545454,
      "3": 0.09090909090909091,
      "4": 0.09090909090909091,
      "5": 0.09090909090909091,
      "6": 0.03636363636363636,
      "7": 0.09090909090909091,
      "8": 0.03636363636363636,
      "9": 0.03636363636363636,
      "10": 0.0,
      "11": 0.07272727272727272,
      "12": 0.12727272727272726,
      "13": 0.09090909090909091,
      "14": 0.01818181818181818,
      "15": 0.0,
      "16": 0.05454545454545454,
      "17": 0.03636363636363636,
      "18": 0.0,
      "19": 0.01818181818181818,
      "20": 0.0,
      "21": 0.03636363636363636,
      "22": 0.0,
      "23": 0.0,
      "24": 0.0,
      "25": 0.0,
      "26": 0.01818181818181818,
      "27": 0.0,
      "28": 0.0,
      "29": 0.0,
      "30": 0.0,
      "31": 0.0,
      "32": 0.0
    }
  }
}